id,sentiment
0,negative
1,neutral
2,neutral
3,neutral
4,neutral
5,neutral
6,positive
7,positive
8,neutral
9,negative
10,neutral
11,negative
12,neutral
13,neutral
14,negative
15,neutral
16,negative
17,positive
18,neutral
19,neutral
20,positive
21,negative
22,negative
23,neutral
24,negative
25,negative
26,positive
27,neutral
28,positive
29,negative
30,negative
31,neutral
32,negative
33,negative
34,negative
35,neutral
36,neutral
37,neutral
38,positive
39,negative
40,negative
41,neutral
42,positive
43,positive
44,positive
45,negative
46,positive
47,neutral
48,neutral
49,positive
50,neutral
51,negative
52,negative
53,negative
54,negative
55,positive
56,negative
57,negative
58,negative
59,negative
60,neutral
61,neutral
62,positive
63,negative
64,positive
65,positive
66,negative
67,positive
68,positive
69,neutral
70,neutral
71,positive
72,negative
73,negative
74,neutral
75,negative
76,neutral
77,positive
78,negative
79,positive
80,positive
81,positive
82,positive
83,neutral
84,neutral
85,neutral
86,negative
87,neutral
88,positive
89,neutral
90,positive
91,neutral
92,positive
93,negative
94,positive
95,negative
96,positive
97,neutral
98,positive
99,positive
100,negative
101,negative
102,neutral
103,positive
104,positive
105,negative
106,positive
107,neutral
108,neutral
109,positive
110,negative
111,negative
112,neutral
113,positive
114,positive
115,positive
116,neutral
117,positive
118,positive
119,positive
120,positive
121,negative
122,neutral
123,neutral
124,positive
125,positive
126,neutral
127,neutral
128,negative
129,positive
130,neutral
131,neutral
132,negative
133,negative
134,positive
135,positive
136,neutral
137,neutral
138,positive
139,neutral
140,neutral
141,neutral
142,positive
143,negative
144,negative
145,neutral
146,negative
147,positive
148,neutral
149,negative
150,negative
151,neutral
152,negative
153,neutral
154,positive
155,positive
156,neutral
157,negative
158,positive
159,positive
160,neutral
161,neutral
162,neutral
163,neutral
164,neutral
165,positive
166,neutral
167,neutral
168,negative
169,neutral
170,positive
171,negative
172,positive
173,neutral
174,neutral
175,neutral
176,positive
177,positive
178,neutral
179,neutral
180,negative
181,neutral
182,neutral
183,neutral
184,neutral
185,neutral
186,negative
187,neutral
188,neutral
189,negative
190,neutral
191,positive
192,positive
193,neutral
194,neutral
195,neutral
196,neutral
197,positive
198,negative
199,neutral
200,negative
201,negative
202,negative
203,neutral
204,neutral
205,positive
206,negative
207,positive
208,negative
209,neutral
210,positive
211,positive
212,neutral
213,negative
214,negative
215,negative
216,negative
217,neutral
218,neutral
219,neutral
220,positive
221,positive
222,negative
223,positive
224,neutral
225,negative
226,neutral
227,positive
228,positive
229,neutral
230,negative
231,negative
232,positive
233,positive
234,positive
235,neutral
236,positive
237,negative
238,positive
239,positive
240,neutral
241,positive
242,negative
243,negative
244,positive
245,neutral
246,neutral
247,negative
248,positive
249,neutral
250,negative
251,neutral
252,neutral
253,neutral
254,neutral
255,neutral
256,negative
257,negative
258,neutral
259,positive
260,neutral
261,positive
262,negative
263,negative
264,neutral
265,neutral
266,positive
267,neutral
268,positive
269,neutral
270,negative
271,neutral
272,neutral
273,negative
274,neutral
275,neutral
276,positive
277,positive
278,positive
279,neutral
280,positive
281,neutral
282,negative
283,negative
284,positive
285,negative
286,neutral
287,neutral
288,positive
289,positive
290,positive
291,neutral
292,neutral
293,neutral
294,neutral
295,positive
296,negative
297,neutral
298,positive
299,negative
300,neutral
301,neutral
302,positive
303,neutral
304,positive
305,neutral
306,neutral
307,positive
308,positive
309,positive
310,neutral
311,neutral
312,negative
313,positive
314,positive
315,negative
316,neutral
317,negative
318,negative
319,neutral
320,negative
321,neutral
322,neutral
323,negative
324,neutral
325,negative
326,positive
327,neutral
328,negative
329,neutral
330,neutral
331,neutral
332,neutral
333,negative
334,negative
335,neutral
336,positive
337,negative
338,negative
339,positive
340,positive
341,neutral
342,negative
343,negative
344,neutral
345,neutral
346,neutral
347,positive
348,negative
349,positive
350,positive
351,negative
352,negative
353,positive
354,negative
355,positive
356,negative
357,positive
358,positive
359,negative
360,positive
361,positive
362,neutral
363,neutral
364,neutral
365,positive
366,neutral
367,positive
368,negative
369,neutral
370,positive
371,positive
372,negative
373,neutral
374,negative
375,negative
376,positive
377,negative
378,neutral
379,neutral
380,neutral
381,neutral
382,negative
383,negative
384,negative
385,positive
386,negative
387,negative
388,neutral
389,neutral
390,negative
391,negative
392,negative
393,positive
394,neutral
395,neutral
396,neutral
397,neutral
398,neutral
399,neutral
400,neutral
401,positive
402,neutral
403,negative
404,positive
405,positive
406,positive
407,positive
408,negative
409,negative
410,neutral
411,neutral
412,negative
413,positive
414,negative
415,positive
416,neutral
417,positive
418,positive
419,positive
420,negative
421,neutral
422,neutral
423,positive
424,negative
425,positive
426,negative
427,positive
428,positive
429,positive
430,positive
431,neutral
432,neutral
433,positive
434,positive
435,negative
436,neutral
437,negative
438,negative
439,positive
440,neutral
441,negative
442,neutral
443,negative
444,negative
445,positive
446,neutral
447,negative
448,neutral
449,negative
450,negative
451,positive
452,positive
453,positive
454,positive
455,negative
456,neutral
457,neutral
458,neutral
459,positive
460,negative
461,positive
462,positive
463,negative
464,positive
465,positive
466,negative
467,negative
468,neutral
469,neutral
470,negative
471,neutral
472,negative
473,neutral
474,negative
475,neutral
476,negative
477,neutral
478,neutral
479,neutral
480,neutral
481,neutral
482,positive
483,negative
484,negative
485,positive
486,negative
487,negative
488,negative
489,neutral
490,neutral
491,neutral
492,neutral
493,negative
494,positive
495,neutral
496,positive
497,positive
498,neutral
499,positive
500,neutral
501,negative
502,negative
503,neutral
504,neutral
505,negative
506,negative
507,negative
508,positive
509,positive
510,negative
511,positive
512,positive
513,negative
514,neutral
515,positive
516,positive
517,negative
518,neutral
519,negative
520,positive
521,neutral
522,neutral
523,neutral
524,positive
525,negative
526,neutral
527,positive
528,negative
529,negative
530,positive
531,positive
532,neutral
533,neutral
534,negative
535,negative
536,positive
537,negative
538,neutral
539,neutral
540,positive
541,neutral
542,neutral
543,negative
544,neutral
545,neutral
546,neutral
547,neutral
548,positive
549,positive
550,positive
551,neutral
552,positive
553,positive
554,negative
555,negative
556,positive
557,positive
558,positive
559,negative
560,negative
561,neutral
562,neutral
563,neutral
564,neutral
565,neutral
566,positive
567,neutral
568,negative
569,negative
570,positive
571,negative
572,positive
573,negative
574,neutral
575,positive
576,positive
577,positive
578,positive
579,neutral
580,neutral
581,neutral
582,positive
583,negative
584,neutral
585,neutral
586,neutral
587,positive
588,negative
589,neutral
590,positive
591,positive
592,negative
593,negative
594,positive
595,negative
596,neutral
597,negative
598,negative
599,negative
600,positive
601,negative
602,positive
603,positive
604,positive
605,neutral
606,negative
607,positive
608,positive
609,neutral
610,negative
611,neutral
612,negative
613,positive
614,neutral
615,neutral
616,positive
617,positive
618,negative
619,neutral
620,positive
621,neutral
622,neutral
623,positive
624,neutral
625,negative
626,positive
627,negative
628,negative
629,positive
630,negative
631,positive
632,neutral
633,positive
634,positive
635,positive
636,positive
637,negative
638,positive
639,neutral
640,neutral
641,neutral
642,negative
643,neutral
644,neutral
645,neutral
646,negative
647,positive
648,neutral
649,negative
650,negative
651,positive
652,negative
653,neutral
654,positive
655,neutral
656,neutral
657,positive
658,neutral
659,negative
660,positive
661,positive
662,positive
663,negative
664,positive
665,positive
666,positive
667,positive
668,positive
669,neutral
670,negative
671,negative
672,neutral
673,positive
674,negative
675,positive
676,neutral
677,positive
678,neutral
679,neutral
680,neutral
681,negative
682,negative
683,positive
684,neutral
685,neutral
686,positive
687,neutral
688,positive
689,positive
690,positive
691,positive
692,neutral
693,negative
694,positive
695,positive
696,negative
697,negative
698,positive
699,negative
700,positive
701,positive
702,positive
703,positive
704,negative
705,neutral
706,positive
707,neutral
708,neutral
709,negative
710,positive
711,negative
712,negative
713,positive
714,positive
715,neutral
716,positive
717,neutral
718,neutral
719,neutral
720,positive
721,neutral
722,positive
723,negative
724,positive
725,positive
726,positive
727,positive
728,negative
729,positive
730,negative
731,neutral
732,positive
733,neutral
734,neutral
735,positive
736,positive
737,positive
738,neutral
739,negative
740,positive
741,neutral
742,positive
743,negative
744,positive
745,positive
746,neutral
747,negative
748,negative
749,neutral
750,negative
751,neutral
752,neutral
753,positive
754,positive
755,neutral
756,neutral
757,neutral
758,neutral
759,positive
760,neutral
761,negative
762,negative
763,negative
764,positive
765,neutral
766,negative
767,neutral
768,positive
769,negative
770,positive
771,positive
772,negative
773,positive
774,negative
775,neutral
776,neutral
777,negative
778,neutral
779,neutral
780,negative
781,negative
782,positive
783,negative
784,negative
785,negative
786,neutral
787,positive
788,neutral
789,negative
790,neutral
791,negative
792,negative
793,positive
794,neutral
795,negative
796,neutral
797,neutral
798,neutral
799,positive
800,negative
801,neutral
802,negative
803,neutral
804,neutral
805,negative
806,neutral
807,negative
808,positive
809,negative
810,negative
811,positive
812,negative
813,neutral
814,positive
815,positive
816,positive
817,negative
818,negative
819,neutral
820,neutral
821,negative
822,positive
823,positive
824,neutral
825,positive
826,positive
827,positive
828,neutral
829,positive
830,negative
831,negative
832,neutral
833,neutral
834,negative
835,neutral
836,positive
837,neutral
838,neutral
839,neutral
840,positive
841,positive
842,neutral
843,negative
844,negative
845,positive
846,positive
847,negative
848,neutral
849,positive
850,neutral
851,positive
852,negative
853,negative
854,positive
855,positive
856,negative
857,negative
858,neutral
859,negative
860,neutral
861,positive
862,positive
863,neutral
864,negative
865,neutral
866,neutral
867,neutral
868,neutral
869,neutral
870,neutral
871,neutral
872,positive
873,negative
874,negative
875,neutral
876,neutral
877,positive
878,neutral
879,neutral
880,neutral
881,negative
882,negative
883,negative
884,neutral
885,positive
886,neutral
887,neutral
888,neutral
889,neutral
890,neutral
891,positive
892,neutral
893,negative
894,negative
895,positive
896,positive
897,neutral
898,positive
899,negative
900,neutral
901,positive
902,positive
903,neutral
904,positive
905,positive
906,neutral
907,positive
908,negative
909,negative
910,neutral
911,positive
912,negative
913,negative
914,negative
915,negative
916,negative
917,neutral
918,positive
919,positive
920,positive
921,negative
922,negative
923,positive
924,positive
925,positive
926,negative
927,neutral
928,positive
929,neutral
930,neutral
931,negative
932,neutral
933,positive
934,positive
935,positive
936,negative
937,negative
938,neutral
939,negative
940,negative
941,positive
942,neutral
943,neutral
944,neutral
945,positive
946,neutral
947,positive
948,negative
949,neutral
950,neutral
951,negative
952,negative
953,neutral
954,neutral
955,positive
956,positive
957,negative
958,negative
959,positive
960,positive
961,negative
962,neutral
963,negative
964,positive
965,neutral
966,neutral
967,negative
968,negative
969,positive
970,negative
971,negative
972,negative
973,negative
974,neutral
975,negative
976,positive
977,negative
978,neutral
979,neutral
980,negative
981,positive
982,neutral
983,neutral
984,positive
985,positive
986,neutral
987,positive
988,negative
989,neutral
990,negative
991,neutral
992,negative
993,neutral
994,positive
995,negative
996,negative
997,negative
998,negative
999,neutral
1000,negative
1001,positive
1002,positive
1003,positive
1004,neutral
1005,positive
1006,positive
1007,neutral
1008,neutral
1009,negative
1010,positive
1011,neutral
1012,positive
1013,positive
1014,neutral
1015,negative
1016,positive
1017,neutral
1018,negative
1019,positive
1020,positive
1021,negative
1022,negative
1023,positive
1024,neutral
1025,positive
1026,neutral
1027,negative
1028,positive
1029,neutral
1030,negative
1031,negative
1032,neutral
1033,neutral
1034,positive
1035,positive
1036,neutral
1037,negative
1038,positive
1039,negative
1040,negative
1041,neutral
1042,positive
1043,negative
1044,neutral
1045,positive
1046,neutral
1047,positive
1048,negative
1049,negative
1050,negative
1051,neutral
1052,neutral
1053,negative
1054,neutral
1055,neutral
1056,negative
1057,negative
1058,positive
1059,positive
1060,neutral
1061,negative
1062,neutral
1063,neutral
1064,neutral
1065,neutral
1066,neutral
1067,positive
1068,negative
1069,negative
1070,negative
1071,positive
1072,neutral
1073,negative
1074,neutral
1075,positive
1076,positive
1077,positive
1078,positive
1079,negative
1080,negative
1081,positive
1082,neutral
1083,negative
1084,positive
1085,neutral
1086,neutral
1087,negative
1088,neutral
1089,neutral
1090,positive
1091,neutral
1092,neutral
1093,neutral
1094,neutral
1095,neutral
1096,neutral
1097,positive
1098,neutral
1099,neutral
1100,negative
1101,negative
1102,neutral
1103,negative
1104,positive
1105,negative
1106,negative
1107,negative
1108,neutral
1109,positive
1110,positive
1111,positive
1112,neutral
1113,negative
1114,neutral
1115,negative
1116,positive
1117,neutral
1118,negative
1119,positive
1120,negative
1121,positive
1122,negative
1123,neutral
1124,neutral
1125,neutral
1126,positive
1127,positive
1128,positive
1129,positive
1130,positive
1131,positive
1132,negative
1133,positive
1134,neutral
1135,positive
1136,positive
1137,positive
1138,neutral
1139,positive
1140,positive
1141,negative
1142,negative
1143,neutral
1144,negative
1145,neutral
1146,positive
1147,negative
1148,neutral
1149,negative
1150,negative
1151,negative
1152,positive
1153,negative
1154,negative
1155,negative
1156,negative
1157,neutral
1158,negative
1159,neutral
1160,positive
1161,negative
1162,neutral
1163,neutral
1164,positive
1165,neutral
1166,negative
1167,negative
1168,negative
1169,positive
1170,neutral
1171,positive
1172,positive
1173,neutral
1174,positive
1175,negative
1176,neutral
1177,negative
1178,positive
1179,negative
1180,neutral
1181,negative
1182,negative
1183,neutral
1184,neutral
1185,negative
1186,negative
1187,negative
1188,positive
1189,negative
1190,neutral
1191,neutral
1192,negative
1193,neutral
1194,neutral
1195,positive
1196,positive
1197,positive
1198,neutral
1199,positive
1200,neutral
1201,positive
1202,neutral
1203,negative
1204,neutral
1205,neutral
1206,neutral
1207,positive
1208,neutral
1209,positive
1210,neutral
1211,positive
1212,positive
1213,neutral
1214,neutral
1215,negative
1216,negative
1217,neutral
1218,neutral
1219,positive
1220,negative
1221,positive
1222,neutral
1223,neutral
1224,neutral
1225,neutral
1226,negative
1227,positive
1228,neutral
1229,neutral
1230,neutral
1231,neutral
1232,negative
1233,neutral
1234,positive
1235,negative
1236,positive
1237,neutral
1238,positive
1239,positive
1240,negative
1241,negative
1242,neutral
1243,positive
1244,negative
1245,positive
1246,positive
1247,negative
1248,positive
1249,neutral
1250,positive
1251,neutral
1252,neutral
1253,positive
1254,neutral
1255,positive
1256,positive
1257,neutral
1258,neutral
1259,neutral
1260,negative
1261,neutral
1262,positive
1263,positive
1264,negative
1265,negative
1266,negative
1267,neutral
1268,neutral
1269,neutral
1270,neutral
1271,neutral
1272,neutral
1273,neutral
1274,positive
1275,neutral
1276,positive
1277,negative
1278,neutral
1279,negative
1280,neutral
1281,negative
1282,positive
1283,positive
1284,negative
1285,positive
1286,negative
1287,neutral
1288,negative
1289,neutral
1290,neutral
1291,negative
1292,negative
1293,positive
1294,neutral
1295,positive
1296,neutral
1297,negative
1298,neutral
1299,positive
1300,positive
1301,negative
1302,negative
1303,negative
1304,negative
1305,neutral
1306,positive
1307,positive
1308,positive
1309,positive
1310,neutral
1311,positive
1312,negative
1313,positive
1314,positive
1315,neutral
1316,negative
1317,negative
1318,positive
1319,neutral
1320,negative
1321,negative
1322,negative
1323,positive
1324,neutral
1325,neutral
1326,positive
1327,neutral
1328,positive
1329,neutral
1330,negative
1331,neutral
1332,neutral
1333,positive
1334,negative
1335,negative
1336,neutral
1337,negative
1338,negative
1339,negative
1340,neutral
1341,neutral
1342,neutral
1343,negative
1344,negative
1345,neutral
1346,positive
1347,neutral
1348,neutral
1349,neutral
1350,positive
1351,neutral
1352,positive
1353,negative
1354,neutral
1355,positive
1356,negative
1357,neutral
1358,negative
1359,neutral
1360,neutral
1361,positive
1362,positive
1363,negative
1364,positive
1365,negative
1366,neutral
1367,neutral
1368,neutral
1369,neutral
1370,negative
1371,positive
1372,neutral
1373,positive
1374,positive
1375,neutral
1376,neutral
1377,neutral
1378,neutral
1379,neutral
1380,negative
1381,negative
1382,positive
1383,negative
1384,negative
1385,neutral
1386,neutral
1387,negative
1388,positive
1389,positive
1390,neutral
1391,neutral
1392,negative
1393,negative
1394,negative
1395,negative
1396,neutral
1397,positive
1398,neutral
1399,positive
1400,neutral
1401,neutral
1402,neutral
1403,negative
1404,negative
1405,neutral
1406,neutral
1407,neutral
1408,negative
1409,neutral
1410,positive
1411,neutral
1412,negative
1413,positive
1414,positive
1415,neutral
1416,positive
1417,negative
1418,neutral
1419,positive
1420,negative
1421,negative
1422,neutral
1423,positive
1424,positive
1425,neutral
1426,positive
1427,neutral
1428,positive
1429,negative
1430,negative
1431,negative
1432,positive
1433,neutral
1434,positive
1435,neutral
1436,neutral
1437,neutral
1438,positive
1439,positive
1440,negative
1441,negative
1442,positive
1443,positive
1444,neutral
1445,neutral
1446,neutral
1447,neutral
1448,positive
1449,neutral
1450,negative
1451,negative
1452,negative
1453,positive
1454,neutral
1455,positive
1456,positive
1457,negative
1458,neutral
1459,neutral
1460,neutral
1461,neutral
1462,positive
1463,neutral
1464,neutral
1465,negative
1466,neutral
1467,positive
1468,neutral
1469,negative
1470,neutral
1471,neutral
1472,neutral
1473,neutral
1474,positive
1475,neutral
1476,neutral
1477,neutral
1478,neutral
1479,positive
1480,positive
1481,negative
1482,neutral
1483,neutral
1484,positive
1485,neutral
1486,neutral
1487,negative
1488,negative
1489,positive
1490,neutral
1491,positive
1492,negative
1493,negative
1494,positive
1495,neutral
1496,neutral
1497,negative
1498,positive
1499,neutral
1500,neutral
1501,neutral
1502,positive
1503,neutral
1504,positive
1505,positive
1506,positive
1507,negative
1508,negative
1509,negative
1510,neutral
1511,positive
1512,negative
1513,neutral
1514,negative
1515,neutral
1516,positive
1517,negative
1518,positive
1519,positive
1520,neutral
1521,negative
1522,positive
1523,neutral
1524,positive
1525,neutral
1526,neutral
1527,negative
1528,negative
1529,positive
1530,neutral
1531,negative
1532,negative
1533,neutral
1534,positive
1535,neutral
1536,neutral
1537,neutral
1538,neutral
1539,neutral
1540,negative
1541,neutral
1542,neutral
1543,positive
1544,neutral
1545,positive
1546,positive
1547,positive
1548,negative
1549,negative
1550,negative
1551,negative
1552,positive
1553,negative
1554,negative
1555,positive
1556,positive
1557,neutral
1558,positive
1559,negative
1560,negative
1561,neutral
1562,negative
1563,positive
1564,negative
1565,negative
1566,positive
1567,neutral
1568,neutral
1569,negative
1570,neutral
1571,positive
1572,neutral
1573,neutral
1574,negative
1575,positive
1576,neutral
1577,positive
1578,neutral
1579,negative
1580,negative
1581,positive
1582,neutral
1583,neutral
1584,positive
1585,neutral
1586,negative
1587,negative
1588,negative
1589,positive
1590,neutral
1591,neutral
1592,neutral
1593,negative
1594,neutral
1595,positive
1596,neutral
1597,neutral
1598,neutral
1599,positive
1600,negative
1601,negative
1602,neutral
1603,negative
1604,neutral
1605,neutral
1606,positive
1607,positive
1608,neutral
1609,positive
1610,positive
1611,negative
1612,positive
1613,positive
1614,positive
1615,neutral
1616,positive
1617,negative
1618,positive
1619,neutral
1620,positive
1621,neutral
1622,positive
1623,neutral
1624,negative
1625,negative
1626,neutral
1627,negative
1628,positive
1629,positive
1630,neutral
1631,neutral
1632,neutral
1633,neutral
1634,positive
1635,positive
1636,neutral
1637,negative
1638,negative
1639,neutral
1640,positive
1641,negative
1642,negative
1643,negative
1644,neutral
1645,negative
1646,positive
1647,negative
1648,positive
1649,positive
1650,negative
1651,positive
1652,negative
1653,negative
1654,negative
1655,positive
1656,positive
1657,neutral
1658,positive
1659,positive
1660,neutral
1661,positive
1662,neutral
1663,neutral
1664,neutral
1665,negative
1666,neutral
1667,positive
1668,neutral
1669,neutral
1670,negative
1671,negative
1672,positive
1673,neutral
1674,negative
1675,neutral
1676,positive
1677,neutral
1678,negative
1679,positive
1680,negative
1681,negative
1682,neutral
1683,positive
1684,neutral
1685,negative
1686,neutral
1687,negative
1688,positive
1689,positive
1690,positive
1691,positive
1692,neutral
1693,positive
1694,positive
1695,neutral
1696,neutral
1697,neutral
1698,positive
1699,negative
1700,negative
1701,negative
1702,positive
1703,neutral
1704,positive
1705,neutral
1706,negative
1707,positive
1708,positive
1709,neutral
1710,positive
1711,negative
1712,negative
1713,neutral
1714,neutral
1715,neutral
1716,positive
1717,neutral
1718,negative
1719,positive
1720,positive
1721,negative
1722,positive
1723,positive
1724,neutral
1725,negative
1726,negative
1727,neutral
1728,positive
1729,negative
1730,positive
1731,positive
1732,positive
1733,negative
1734,neutral
1735,neutral
1736,negative
1737,neutral
1738,positive
1739,neutral
1740,positive
1741,neutral
1742,positive
1743,negative
1744,positive
1745,negative
1746,neutral
1747,negative
1748,positive
1749,positive
1750,neutral
1751,positive
1752,positive
1753,negative
1754,negative
1755,positive
1756,neutral
1757,positive
1758,negative
1759,positive
1760,neutral
1761,positive
1762,negative
1763,positive
1764,positive
1765,positive
1766,neutral
1767,positive
1768,positive
1769,neutral
1770,negative
1771,neutral
1772,positive
1773,positive
1774,neutral
1775,neutral
1776,negative
1777,neutral
1778,neutral
1779,positive
1780,negative
1781,neutral
1782,positive
1783,positive
1784,negative
1785,positive
1786,negative
1787,neutral
1788,positive
1789,positive
1790,positive
1791,positive
1792,neutral
1793,negative
1794,neutral
1795,positive
1796,negative
1797,neutral
1798,positive
1799,negative
1800,neutral
1801,positive
1802,positive
1803,positive
1804,positive
1805,negative
1806,neutral
1807,negative
1808,positive
1809,neutral
1810,positive
1811,negative
1812,positive
1813,negative
1814,neutral
1815,negative
1816,neutral
1817,neutral
1818,positive
1819,positive
1820,positive
1821,positive
1822,negative
1823,neutral
1824,neutral
1825,negative
1826,neutral
1827,neutral
1828,negative
1829,neutral
1830,negative
1831,negative
1832,neutral
1833,positive
1834,negative
1835,neutral
1836,positive
1837,negative
1838,positive
1839,negative
1840,negative
1841,neutral
1842,positive
1843,negative
1844,neutral
1845,positive
1846,positive
1847,negative
1848,negative
1849,negative
1850,positive
1851,negative
1852,neutral
1853,positive
1854,negative
1855,neutral
1856,neutral
1857,neutral
1858,positive
1859,neutral
1860,negative
1861,positive
1862,neutral
1863,neutral
1864,neutral
1865,neutral
1866,neutral
1867,neutral
1868,positive
1869,neutral
1870,neutral
1871,neutral
1872,neutral
1873,neutral
1874,neutral
1875,neutral
1876,negative
1877,positive
1878,negative
1879,negative
1880,positive
1881,positive
1882,negative
1883,positive
1884,neutral
1885,negative
1886,positive
1887,positive
1888,neutral
1889,neutral
1890,positive
1891,positive
1892,neutral
1893,positive
1894,neutral
1895,neutral
1896,positive
1897,neutral
1898,negative
1899,neutral
1900,positive
1901,negative
1902,neutral
1903,positive
1904,negative
1905,negative
1906,negative
1907,negative
1908,neutral
1909,negative
1910,positive
1911,neutral
1912,positive
1913,neutral
1914,positive
1915,positive
1916,negative
1917,positive
1918,neutral
1919,negative
1920,positive
1921,positive
1922,negative
1923,positive
1924,positive
1925,positive
1926,positive
1927,neutral
1928,positive
1929,neutral
1930,negative
1931,neutral
1932,neutral
1933,neutral
1934,positive
1935,negative
1936,positive
1937,negative
1938,positive
1939,neutral
1940,neutral
1941,positive
1942,neutral
1943,positive
1944,negative
1945,positive
1946,neutral
1947,positive
1948,negative
1949,negative
1950,neutral
1951,neutral
1952,neutral
1953,positive
1954,neutral
1955,negative
1956,negative
1957,negative
1958,neutral
1959,positive
1960,positive
1961,negative
1962,positive
1963,negative
1964,neutral
1965,positive
1966,positive
1967,positive
1968,positive
1969,negative
1970,neutral
1971,positive
1972,positive
1973,neutral
1974,positive
1975,negative
1976,positive
1977,negative
1978,neutral
1979,neutral
1980,negative
1981,neutral
1982,positive
1983,positive
1984,negative
1985,neutral
1986,positive
1987,negative
1988,negative
1989,neutral
1990,neutral
1991,neutral
1992,positive
1993,neutral
1994,positive
1995,neutral
1996,neutral
1997,neutral
1998,neutral
1999,neutral
2000,neutral
2001,neutral
2002,neutral
2003,neutral
2004,positive
2005,positive
2006,negative
2007,neutral
2008,neutral
2009,positive
2010,negative
2011,positive
2012,negative
2013,neutral
2014,negative
2015,negative
2016,negative
2017,negative
2018,neutral
2019,neutral
2020,negative
2021,positive
2022,positive
2023,positive
2024,neutral
2025,positive
2026,negative
2027,positive
2028,positive
2029,neutral
2030,positive
2031,neutral
2032,positive
2033,neutral
2034,positive
2035,positive
2036,neutral
2037,neutral
2038,neutral
2039,negative
2040,neutral
2041,positive
2042,neutral
2043,negative
2044,negative
2045,neutral
2046,neutral
2047,neutral
2048,negative
2049,neutral
2050,positive
2051,negative
2052,neutral
2053,positive
2054,neutral
2055,positive
2056,neutral
2057,positive
2058,positive
2059,positive
2060,positive
2061,neutral
2062,positive
2063,negative
2064,neutral
2065,positive
2066,negative
2067,positive
2068,neutral
2069,negative
2070,neutral
2071,neutral
2072,negative
2073,neutral
2074,positive
2075,positive
2076,neutral
2077,neutral
2078,neutral
2079,neutral
2080,negative
2081,neutral
2082,neutral
2083,neutral
2084,positive
2085,positive
2086,negative
2087,negative
2088,positive
2089,negative
2090,neutral
2091,neutral
2092,negative
2093,neutral
2094,negative
2095,neutral
2096,neutral
2097,negative
2098,neutral
2099,negative
2100,neutral
2101,positive
2102,neutral
2103,neutral
2104,positive
2105,neutral
2106,positive
2107,neutral
2108,negative
2109,neutral
2110,neutral
2111,positive
2112,negative
2113,neutral
2114,negative
2115,neutral
2116,positive
2117,negative
2118,negative
2119,neutral
2120,positive
2121,negative
2122,neutral
2123,negative
2124,positive
2125,neutral
2126,positive
2127,neutral
2128,negative
2129,positive
2130,neutral
2131,positive
2132,neutral
2133,negative
2134,negative
2135,positive
2136,neutral
2137,positive
2138,neutral
2139,positive
2140,positive
2141,positive
2142,neutral
2143,neutral
2144,neutral
2145,positive
2146,neutral
2147,negative
2148,negative
2149,positive
2150,positive
2151,neutral
2152,negative
2153,neutral
2154,neutral
2155,negative
2156,neutral
2157,positive
2158,negative
2159,neutral
2160,negative
2161,positive
2162,positive
2163,neutral
2164,neutral
2165,negative
2166,positive
2167,neutral
2168,neutral
2169,positive
2170,positive
2171,positive
2172,positive
2173,neutral
2174,negative
2175,negative
2176,neutral
2177,negative
2178,positive
2179,negative
2180,negative
2181,positive
2182,neutral
2183,positive
2184,neutral
2185,neutral
2186,positive
2187,neutral
2188,negative
2189,neutral
2190,neutral
2191,negative
2192,neutral
2193,positive
2194,neutral
2195,negative
2196,neutral
2197,negative
2198,positive
2199,neutral
2200,positive
2201,neutral
2202,neutral
2203,positive
2204,neutral
2205,positive
2206,positive
2207,positive
2208,neutral
2209,neutral
2210,neutral
2211,negative
2212,negative
2213,negative
2214,negative
2215,neutral
2216,positive
2217,positive
2218,negative
2219,negative
2220,negative
2221,negative
2222,positive
2223,negative
2224,positive
2225,neutral
2226,positive
2227,negative
2228,positive
2229,positive
2230,neutral
2231,negative
2232,neutral
2233,neutral
2234,negative
2235,negative
2236,neutral
2237,neutral
2238,neutral
2239,neutral
2240,positive
2241,neutral
2242,negative
2243,negative
2244,positive
2245,negative
2246,negative
2247,negative
2248,negative
2249,neutral
2250,negative
2251,positive
2252,positive
2253,positive
2254,negative
2255,neutral
2256,negative
2257,positive
2258,neutral
2259,positive
2260,positive
2261,negative
2262,positive
2263,negative
2264,neutral
2265,neutral
2266,negative
2267,neutral
2268,negative
2269,neutral
2270,positive
2271,neutral
2272,positive
2273,neutral
2274,neutral
2275,negative
2276,neutral
2277,positive
2278,neutral
2279,positive
2280,neutral
2281,positive
2282,neutral
2283,positive
2284,neutral
2285,positive
2286,negative
2287,neutral
2288,positive
2289,negative
2290,positive
2291,negative
2292,neutral
2293,neutral
2294,positive
2295,neutral
2296,positive
2297,positive
2298,positive
2299,neutral
2300,positive
2301,neutral
2302,neutral
2303,positive
2304,positive
2305,neutral
2306,negative
2307,neutral
2308,positive
2309,neutral
2310,negative
2311,neutral
2312,neutral
2313,positive
2314,neutral
2315,negative
2316,neutral
2317,negative
2318,neutral
2319,neutral
2320,neutral
2321,neutral
2322,positive
2323,neutral
2324,neutral
2325,neutral
2326,neutral
2327,neutral
2328,neutral
2329,neutral
2330,neutral
2331,positive
2332,negative
2333,positive
2334,negative
2335,positive
2336,neutral
2337,positive
2338,positive
2339,neutral
2340,neutral
2341,negative
2342,neutral
2343,neutral
2344,negative
2345,negative
2346,neutral
2347,neutral
2348,neutral
2349,neutral
2350,neutral
2351,neutral
2352,negative
2353,neutral
2354,neutral
2355,positive
2356,positive
2357,neutral
2358,positive
2359,neutral
2360,neutral
2361,positive
2362,positive
2363,positive
2364,positive
2365,positive
2366,negative
2367,neutral
2368,neutral
2369,positive
2370,neutral
2371,positive
2372,neutral
2373,positive
2374,neutral
2375,negative
2376,negative
2377,positive
2378,negative
2379,negative
2380,positive
2381,positive
2382,positive
2383,neutral
2384,neutral
2385,positive
2386,negative
2387,negative
2388,negative
2389,neutral
2390,negative
2391,negative
2392,neutral
2393,neutral
2394,positive
2395,neutral
2396,positive
2397,negative
2398,negative
2399,negative
2400,neutral
2401,positive
2402,neutral
2403,positive
2404,positive
2405,negative
2406,neutral
2407,negative
2408,positive
2409,negative
2410,neutral
2411,positive
2412,neutral
2413,negative
2414,neutral
2415,positive
2416,neutral
2417,neutral
2418,neutral
2419,negative
2420,negative
2421,neutral
2422,neutral
2423,neutral
2424,positive
2425,positive
2426,negative
2427,negative
2428,neutral
2429,neutral
2430,positive
2431,negative
2432,neutral
2433,positive
2434,neutral
2435,negative
2436,positive
2437,neutral
2438,neutral
2439,neutral
2440,neutral
2441,neutral
2442,neutral
2443,negative
2444,neutral
2445,negative
2446,negative
2447,positive
2448,positive
2449,neutral
2450,negative
2451,neutral
2452,negative
2453,negative
2454,neutral
2455,neutral
2456,positive
2457,positive
2458,positive
2459,neutral
2460,positive
2461,negative
2462,positive
2463,positive
2464,neutral
2465,positive
2466,neutral
2467,neutral
2468,neutral
2469,negative
2470,negative
2471,neutral
2472,positive
2473,positive
2474,negative
2475,negative
2476,negative
2477,neutral
2478,positive
2479,neutral
2480,positive
2481,neutral
2482,neutral
2483,neutral
2484,positive
2485,neutral
2486,positive
2487,positive
2488,negative
2489,positive
2490,positive
2491,neutral
2492,positive
2493,neutral
2494,neutral
2495,negative
2496,neutral
2497,neutral
2498,neutral
2499,positive
2500,negative
2501,positive
2502,positive
2503,neutral
2504,neutral
2505,positive
2506,neutral
2507,neutral
2508,negative
2509,neutral
2510,neutral
2511,neutral
2512,neutral
2513,negative
2514,positive
2515,neutral
2516,positive
2517,positive
2518,positive
2519,negative
2520,negative
2521,positive
2522,positive
2523,positive
2524,negative
2525,positive
2526,negative
2527,negative
2528,negative
2529,positive
2530,negative
2531,neutral
2532,positive
2533,neutral
2534,neutral
2535,neutral
2536,neutral
2537,positive
2538,negative
2539,neutral
2540,neutral
2541,neutral
2542,neutral
2543,positive
2544,neutral
2545,negative
2546,neutral
2547,positive
2548,positive
2549,neutral
2550,negative
2551,neutral
2552,positive
2553,positive
2554,neutral
2555,negative
2556,neutral
2557,positive
2558,positive
2559,neutral
2560,positive
2561,positive
2562,neutral
2563,positive
2564,positive
2565,positive
2566,neutral
2567,positive
2568,neutral
2569,positive
2570,positive
2571,neutral
2572,neutral
2573,negative
2574,negative
2575,neutral
2576,negative
2577,positive
2578,neutral
2579,negative
2580,neutral
2581,neutral
2582,positive
2583,neutral
2584,neutral
2585,negative
2586,neutral
2587,positive
2588,positive
2589,negative
2590,negative
2591,neutral
2592,negative
2593,positive
2594,neutral
2595,positive
2596,negative
2597,neutral
2598,positive
2599,neutral
2600,positive
2601,neutral
2602,neutral
2603,positive
2604,positive
2605,neutral
2606,neutral
2607,neutral
2608,neutral
2609,positive
2610,neutral
2611,negative
2612,neutral
2613,negative
2614,positive
2615,neutral
2616,negative
2617,neutral
2618,positive
2619,positive
2620,neutral
2621,negative
2622,positive
2623,negative
2624,neutral
2625,neutral
2626,neutral
2627,negative
2628,positive
2629,negative
2630,positive
2631,negative
2632,neutral
2633,positive
2634,positive
2635,positive
2636,neutral
2637,negative
2638,neutral
2639,positive
2640,positive
2641,positive
2642,positive
2643,neutral
2644,positive
2645,positive
2646,negative
2647,neutral
2648,neutral
2649,positive
2650,positive
2651,positive
2652,neutral
2653,positive
2654,positive
2655,positive
2656,negative
2657,neutral
2658,neutral
2659,neutral
2660,neutral
2661,negative
2662,negative
2663,negative
2664,negative
2665,positive
2666,negative
2667,neutral
2668,neutral
2669,neutral
2670,neutral
2671,neutral
2672,positive
2673,neutral
2674,neutral
2675,positive
2676,negative
2677,positive
2678,negative
2679,negative
2680,positive
2681,negative
2682,positive
2683,neutral
2684,neutral
2685,neutral
2686,positive
2687,neutral
2688,negative
2689,negative
2690,neutral
2691,neutral
2692,negative
2693,positive
2694,positive
2695,neutral
2696,positive
2697,neutral
2698,negative
2699,negative
2700,positive
2701,negative
2702,neutral
2703,positive
2704,neutral
2705,positive
2706,positive
2707,positive
2708,neutral
2709,neutral
2710,neutral
2711,negative
2712,neutral
2713,negative
2714,positive
2715,negative
2716,negative
2717,negative
2718,positive
2719,negative
2720,neutral
2721,positive
2722,neutral
2723,negative
2724,neutral
2725,negative
2726,neutral
2727,negative
2728,positive
2729,neutral
2730,negative
2731,positive
2732,neutral
2733,neutral
2734,neutral
2735,positive
2736,negative
2737,neutral
2738,positive
2739,negative
2740,neutral
2741,negative
2742,neutral
2743,positive
2744,negative
2745,negative
2746,negative
2747,negative
2748,positive
2749,neutral
2750,neutral
2751,neutral
2752,neutral
2753,neutral
2754,negative
2755,neutral
2756,negative
2757,neutral
2758,neutral
2759,neutral
2760,neutral
2761,positive
2762,negative
2763,neutral
2764,positive
2765,neutral
2766,negative
2767,negative
2768,positive
2769,neutral
2770,neutral
2771,neutral
2772,negative
2773,neutral
2774,positive
2775,positive
2776,negative
2777,neutral
2778,positive
2779,neutral
2780,negative
2781,neutral
2782,neutral
2783,positive
2784,positive
2785,positive
2786,neutral
2787,positive
2788,neutral
2789,positive
2790,neutral
2791,negative
2792,positive
2793,positive
2794,negative
2795,positive
2796,neutral
2797,neutral
2798,negative
2799,neutral
2800,neutral
2801,negative
2802,positive
2803,negative
2804,neutral
2805,positive
2806,positive
2807,positive
2808,negative
2809,positive
2810,neutral
2811,neutral
2812,negative
2813,negative
2814,neutral
2815,negative
2816,positive
2817,neutral
2818,neutral
2819,neutral
2820,neutral
2821,negative
2822,negative
2823,positive
2824,positive
2825,neutral
2826,positive
2827,positive
2828,positive
2829,positive
2830,neutral
2831,positive
2832,neutral
2833,positive
2834,neutral
2835,neutral
2836,negative
2837,negative
2838,negative
2839,neutral
2840,positive
2841,positive
2842,neutral
2843,negative
2844,positive
2845,positive
2846,negative
2847,neutral
2848,neutral
2849,negative
2850,neutral
2851,negative
2852,negative
2853,positive
2854,positive
2855,positive
2856,neutral
2857,negative
2858,negative
2859,positive
2860,negative
2861,neutral
2862,negative
2863,positive
2864,neutral
2865,negative
2866,neutral
2867,neutral
2868,neutral
2869,neutral
2870,positive
2871,neutral
2872,neutral
2873,neutral
2874,neutral
2875,neutral
2876,negative
2877,neutral
2878,negative
2879,neutral
2880,positive
2881,negative
2882,negative
2883,positive
2884,negative
2885,negative
2886,neutral
2887,positive
2888,positive
2889,neutral
2890,neutral
2891,positive
2892,positive
2893,negative
2894,negative
2895,neutral
2896,neutral
2897,negative
2898,neutral
2899,negative
2900,neutral
2901,negative
2902,neutral
2903,neutral
2904,neutral
2905,negative
2906,neutral
2907,neutral
2908,negative
2909,neutral
2910,negative
2911,positive
2912,negative
2913,neutral
2914,neutral
2915,negative
2916,neutral
2917,neutral
2918,positive
2919,neutral
2920,positive
2921,negative
2922,negative
2923,positive
2924,neutral
2925,neutral
2926,positive
2927,negative
2928,negative
2929,neutral
2930,negative
2931,negative
2932,positive
2933,neutral
2934,negative
2935,neutral
2936,neutral
2937,negative
2938,neutral
2939,positive
2940,neutral
2941,negative
2942,negative
2943,positive
2944,positive
2945,positive
2946,negative
2947,positive
2948,negative
2949,positive
2950,negative
2951,neutral
2952,positive
2953,neutral
2954,positive
2955,positive
2956,positive
2957,positive
2958,positive
2959,positive
2960,positive
2961,positive
2962,positive
2963,neutral
2964,neutral
2965,neutral
2966,negative
2967,positive
2968,positive
2969,neutral
2970,positive
2971,negative
2972,negative
2973,neutral
2974,neutral
2975,neutral
2976,positive
2977,neutral
2978,positive
2979,neutral
2980,negative
2981,neutral
2982,negative
2983,positive
2984,negative
2985,negative
2986,negative
2987,neutral
2988,positive
2989,neutral
2990,positive
2991,negative
2992,neutral
2993,positive
2994,neutral
2995,neutral
2996,positive
2997,positive
2998,neutral
2999,neutral
3000,neutral
3001,neutral
3002,positive
3003,neutral
3004,neutral
3005,negative
3006,negative
3007,negative
3008,neutral
3009,negative
3010,neutral
3011,positive
3012,positive
3013,neutral
3014,negative
3015,neutral
3016,positive
3017,negative
3018,neutral
3019,negative
3020,neutral
3021,negative
3022,positive
3023,negative
3024,negative
3025,positive
3026,negative
3027,positive
3028,neutral
3029,neutral
3030,positive
3031,negative
3032,positive
3033,negative
3034,negative
3035,negative
3036,neutral
3037,negative
3038,negative
3039,negative
3040,negative
3041,positive
3042,negative
3043,negative
3044,negative
3045,neutral
3046,negative
3047,neutral
3048,positive
3049,neutral
3050,neutral
3051,negative
3052,neutral
3053,positive
3054,neutral
3055,positive
3056,negative
3057,positive
3058,neutral
3059,positive
3060,neutral
3061,neutral
3062,negative
3063,neutral
3064,negative
3065,neutral
3066,negative
3067,positive
3068,positive
3069,neutral
3070,positive
3071,positive
3072,neutral
3073,neutral
3074,negative
3075,neutral
3076,negative
3077,positive
3078,negative
3079,positive
3080,neutral
3081,negative
3082,neutral
3083,negative
3084,positive
3085,negative
3086,positive
3087,negative
3088,neutral
3089,negative
3090,neutral
3091,neutral
3092,negative
3093,negative
3094,negative
3095,positive
3096,positive
3097,neutral
3098,neutral
3099,positive
3100,neutral
3101,negative
3102,negative
3103,negative
3104,neutral
3105,negative
3106,negative
3107,neutral
3108,positive
3109,neutral
3110,neutral
3111,positive
3112,positive
3113,positive
3114,positive
3115,positive
3116,positive
3117,negative
3118,negative
3119,neutral
3120,negative
3121,neutral
3122,neutral
3123,positive
3124,positive
3125,negative
3126,positive
3127,positive
3128,negative
3129,positive
3130,positive
3131,positive
3132,positive
3133,neutral
3134,neutral
3135,positive
3136,positive
3137,negative
3138,positive
3139,neutral
3140,positive
3141,neutral
3142,negative
3143,negative
3144,positive
3145,neutral
3146,positive
3147,negative
3148,neutral
3149,neutral
3150,neutral
3151,positive
3152,positive
3153,negative
3154,neutral
3155,positive
3156,negative
3157,negative
3158,positive
3159,negative
3160,negative
3161,negative
3162,positive
3163,neutral
3164,neutral
3165,neutral
3166,negative
3167,neutral
3168,positive
3169,positive
3170,positive
3171,neutral
3172,negative
3173,positive
3174,positive
3175,negative
3176,neutral
3177,neutral
3178,positive
3179,neutral
3180,neutral
3181,negative
3182,neutral
3183,neutral
3184,neutral
3185,negative
3186,neutral
3187,positive
3188,neutral
3189,negative
3190,positive
3191,negative
3192,positive
3193,positive
3194,negative
3195,neutral
3196,neutral
3197,positive
3198,negative
3199,neutral
3200,negative
3201,positive
3202,neutral
3203,neutral
3204,neutral
3205,neutral
3206,neutral
3207,neutral
3208,neutral
3209,positive
3210,negative
3211,neutral
3212,negative
3213,negative
3214,neutral
3215,negative
3216,positive
3217,positive
3218,positive
3219,neutral
3220,neutral
3221,positive
3222,neutral
3223,positive
3224,positive
3225,neutral
3226,positive
3227,negative
3228,neutral
3229,negative
3230,positive
3231,negative
3232,positive
3233,neutral
3234,positive
3235,neutral
3236,negative
3237,positive
3238,neutral
3239,neutral
3240,negative
3241,positive
3242,neutral
3243,positive
3244,neutral
3245,positive
3246,neutral
3247,positive
3248,negative
3249,negative
3250,neutral
3251,neutral
3252,positive
3253,positive
3254,neutral
3255,neutral
3256,negative
3257,neutral
3258,neutral
3259,neutral
3260,negative
3261,negative
3262,negative
3263,positive
3264,positive
3265,neutral
3266,positive
3267,negative
3268,neutral
3269,neutral
3270,negative
3271,neutral
3272,positive
3273,negative
3274,positive
3275,positive
3276,neutral
3277,negative
3278,negative
3279,negative
3280,negative
3281,neutral
3282,negative
3283,neutral
3284,neutral
3285,neutral
3286,negative
3287,positive
3288,positive
3289,positive
3290,neutral
3291,positive
3292,neutral
3293,positive
3294,positive
3295,negative
3296,neutral
3297,negative
3298,neutral
3299,neutral
3300,positive
3301,neutral
3302,negative
3303,neutral
3304,negative
3305,negative
3306,positive
3307,neutral
3308,neutral
3309,neutral
3310,neutral
3311,negative
3312,neutral
3313,positive
3314,positive
3315,positive
3316,positive
3317,negative
3318,negative
3319,neutral
3320,positive
3321,neutral
3322,neutral
3323,neutral
3324,neutral
3325,neutral
3326,negative
3327,positive
3328,neutral
3329,positive
3330,neutral
3331,neutral
3332,positive
3333,negative
3334,neutral
3335,neutral
3336,neutral
3337,neutral
3338,neutral
3339,negative
3340,neutral
3341,negative
3342,neutral
3343,positive
3344,positive
3345,positive
3346,neutral
3347,neutral
3348,positive
3349,neutral
3350,neutral
3351,neutral
3352,neutral
3353,neutral
3354,negative
3355,neutral
3356,negative
3357,neutral
3358,negative
3359,negative
3360,neutral
3361,negative
3362,neutral
3363,neutral
3364,positive
3365,negative
3366,neutral
3367,positive
3368,negative
3369,positive
3370,positive
3371,neutral
3372,positive
3373,neutral
3374,negative
3375,positive
3376,positive
3377,positive
3378,neutral
3379,positive
3380,negative
3381,neutral
3382,positive
3383,positive
3384,positive
3385,negative
3386,neutral
3387,positive
3388,neutral
3389,positive
3390,negative
3391,positive
3392,positive
3393,neutral
3394,neutral
3395,neutral
3396,negative
3397,neutral
3398,negative
3399,positive
3400,negative
3401,neutral
3402,positive
3403,neutral
3404,neutral
3405,positive
3406,neutral
3407,negative
3408,neutral
3409,negative
3410,neutral
3411,neutral
3412,positive
3413,positive
3414,negative
3415,negative
3416,neutral
3417,positive
3418,negative
3419,positive
3420,positive
3421,neutral
3422,negative
3423,neutral
3424,positive
3425,neutral
3426,positive
3427,positive
3428,neutral
3429,positive
3430,positive
3431,neutral
3432,neutral
3433,positive
3434,neutral
3435,negative
3436,neutral
3437,negative
3438,neutral
3439,positive
3440,neutral
3441,positive
3442,negative
3443,negative
3444,negative
3445,neutral
3446,neutral
3447,positive
3448,positive
3449,positive
3450,negative
3451,positive
3452,negative
3453,positive
3454,positive
3455,neutral
3456,neutral
3457,positive
3458,positive
3459,negative
3460,neutral
3461,neutral
3462,negative
3463,positive
3464,neutral
3465,positive
3466,negative
3467,positive
3468,positive
3469,neutral
3470,neutral
3471,neutral
3472,neutral
3473,neutral
3474,positive
3475,negative
3476,negative
3477,neutral
3478,negative
3479,neutral
3480,negative
3481,positive
3482,positive
3483,negative
3484,positive
3485,negative
3486,neutral
3487,negative
3488,negative
3489,neutral
3490,negative
3491,negative
3492,neutral
3493,negative
3494,positive
3495,negative
3496,neutral
3497,neutral
3498,neutral
3499,negative
3500,negative
3501,neutral
3502,neutral
3503,neutral
3504,neutral
3505,neutral
3506,neutral
3507,neutral
3508,neutral
3509,neutral
3510,neutral
3511,positive
3512,neutral
3513,negative
3514,negative
3515,negative
3516,positive
3517,negative
3518,positive
3519,neutral
3520,neutral
3521,positive
3522,positive
3523,negative
3524,positive
3525,positive
3526,neutral
3527,negative
3528,negative
3529,negative
3530,neutral
3531,positive
3532,neutral
3533,neutral
3534,negative
3535,positive
3536,neutral
3537,neutral
3538,negative
3539,neutral
3540,negative
3541,negative
3542,positive
3543,negative
3544,positive
3545,negative
3546,positive
3547,negative
3548,neutral
3549,positive
3550,positive
3551,positive
3552,negative
3553,positive
3554,positive
3555,negative
3556,negative
3557,negative
3558,positive
3559,positive
3560,positive
3561,positive
3562,neutral
3563,negative
3564,negative
3565,neutral
3566,neutral
3567,neutral
3568,negative
3569,neutral
3570,neutral
3571,positive
3572,negative
3573,positive
3574,positive
3575,neutral
3576,neutral
3577,positive
3578,positive
3579,neutral
3580,neutral
3581,neutral
3582,positive
3583,neutral
3584,positive
3585,positive
3586,positive
3587,negative
3588,neutral
3589,positive
3590,neutral
3591,negative
3592,positive
3593,neutral
3594,negative
3595,neutral
3596,negative
3597,neutral
3598,neutral
3599,negative
3600,neutral
3601,neutral
3602,negative
3603,neutral
3604,neutral
3605,neutral
3606,negative
3607,negative
3608,positive
3609,negative
3610,negative
3611,positive
3612,neutral
3613,positive
3614,positive
3615,positive
3616,positive
3617,neutral
3618,neutral
3619,neutral
3620,negative
3621,positive
3622,neutral
3623,negative
3624,neutral
3625,positive
3626,negative
3627,positive
3628,negative
3629,neutral
3630,positive
3631,neutral
3632,negative
3633,negative
3634,negative
3635,neutral
3636,positive
3637,negative
3638,negative
3639,negative
3640,positive
3641,positive
3642,positive
3643,negative
3644,negative
3645,neutral
3646,positive
3647,negative
3648,negative
3649,neutral
3650,neutral
3651,neutral
3652,neutral
3653,neutral
3654,neutral
3655,positive
3656,negative
3657,positive
3658,positive
3659,neutral
3660,positive
3661,neutral
3662,negative
3663,negative
3664,neutral
3665,positive
3666,neutral
3667,negative
3668,positive
3669,neutral
3670,positive
3671,neutral
3672,neutral
3673,neutral
3674,negative
3675,positive
3676,positive
3677,negative
3678,neutral
3679,neutral
3680,negative
3681,neutral
3682,positive
3683,negative
3684,neutral
3685,positive
3686,negative
3687,neutral
3688,positive
3689,neutral
3690,neutral
3691,negative
3692,positive
3693,positive
3694,neutral
3695,neutral
3696,neutral
3697,neutral
3698,neutral
3699,positive
3700,negative
3701,negative
3702,negative
3703,negative
3704,positive
3705,negative
3706,positive
3707,neutral
3708,positive
3709,positive
3710,positive
3711,negative
3712,neutral
3713,negative
3714,negative
3715,negative
3716,positive
3717,neutral
3718,negative
3719,positive
3720,negative
3721,negative
3722,negative
3723,neutral
3724,positive
3725,neutral
3726,neutral
3727,positive
3728,neutral
3729,positive
3730,neutral
3731,negative
3732,neutral
3733,positive
3734,negative
3735,neutral
3736,positive
3737,neutral
3738,neutral
3739,positive
3740,positive
3741,negative
3742,positive
3743,negative
3744,negative
3745,negative
3746,positive
3747,negative
3748,positive
3749,neutral
3750,negative
3751,negative
3752,neutral
3753,neutral
3754,positive
3755,positive
3756,positive
3757,positive
3758,neutral
3759,neutral
3760,positive
3761,positive
3762,positive
3763,neutral
3764,neutral
3765,negative
3766,positive
3767,positive
3768,positive
3769,positive
3770,neutral
3771,neutral
3772,negative
3773,negative
3774,negative
3775,negative
3776,positive
3777,negative
3778,positive
3779,negative
3780,positive
3781,negative
3782,negative
3783,positive
3784,positive
3785,negative
3786,positive
3787,positive
3788,neutral
3789,negative
3790,positive
3791,neutral
3792,positive
3793,negative
3794,positive
3795,neutral
3796,negative
3797,positive
3798,neutral
3799,negative
3800,neutral
3801,neutral
3802,negative
3803,neutral
3804,positive
3805,neutral
3806,neutral
3807,neutral
3808,neutral
3809,neutral
3810,negative
3811,positive
3812,neutral
3813,neutral
3814,positive
3815,negative
3816,positive
3817,positive
3818,neutral
3819,positive
3820,negative
3821,neutral
3822,neutral
3823,negative
3824,negative
3825,neutral
3826,neutral
3827,neutral
3828,positive
3829,negative
3830,negative
3831,positive
3832,neutral
3833,neutral
3834,negative
3835,negative
3836,positive
3837,neutral
3838,negative
3839,positive
3840,negative
3841,negative
3842,positive
3843,neutral
3844,negative
3845,neutral
3846,neutral
3847,neutral
3848,positive
3849,neutral
3850,negative
3851,positive
3852,negative
3853,neutral
3854,neutral
3855,positive
3856,positive
3857,positive
3858,positive
3859,neutral
3860,positive
3861,neutral
3862,negative
3863,positive
3864,negative
3865,positive
3866,negative
3867,negative
3868,negative
3869,neutral
3870,neutral
3871,neutral
3872,neutral
3873,negative
3874,positive
3875,neutral
3876,negative
3877,neutral
3878,neutral
3879,neutral
3880,neutral
3881,negative
3882,negative
3883,negative
3884,neutral
3885,positive
3886,negative
3887,neutral
3888,neutral
3889,neutral
3890,negative
3891,positive
3892,negative
3893,neutral
3894,neutral
3895,neutral
3896,neutral
3897,neutral
3898,neutral
3899,negative
3900,negative
3901,neutral
3902,neutral
3903,neutral
3904,negative
3905,neutral
3906,negative
3907,positive
3908,neutral
3909,neutral
3910,positive
3911,positive
3912,positive
3913,negative
3914,positive
3915,negative
3916,neutral
3917,negative
3918,neutral
3919,positive
3920,neutral
3921,neutral
3922,negative
3923,neutral
3924,positive
3925,positive
3926,negative
3927,negative
3928,positive
3929,negative
3930,positive
3931,positive
3932,neutral
3933,neutral
3934,negative
3935,neutral
3936,positive
3937,negative
3938,positive
3939,neutral
3940,neutral
3941,neutral
3942,positive
3943,positive
3944,neutral
3945,positive
3946,negative
3947,positive
3948,positive
3949,positive
3950,neutral
3951,positive
3952,positive
3953,neutral
3954,negative
3955,neutral
3956,neutral
3957,positive
3958,neutral
3959,neutral
3960,positive
3961,neutral
3962,positive
3963,negative
3964,positive
3965,neutral
3966,negative
3967,neutral
3968,neutral
3969,positive
3970,negative
3971,neutral
3972,neutral
3973,positive
3974,positive
3975,neutral
3976,negative
3977,negative
3978,neutral
3979,positive
3980,negative
3981,negative
3982,negative
3983,negative
3984,positive
3985,neutral
3986,positive
3987,positive
3988,positive
3989,positive
3990,neutral
3991,positive
3992,positive
3993,neutral
3994,positive
3995,positive
3996,neutral
3997,negative
3998,positive
3999,positive
4000,neutral
4001,positive
4002,negative
4003,positive
4004,positive
4005,positive
4006,negative
4007,positive
4008,negative
4009,negative
4010,negative
4011,negative
4012,positive
4013,positive
4014,negative
4015,neutral
4016,positive
4017,negative
4018,negative
4019,neutral
4020,negative
4021,negative
4022,negative
4023,neutral
4024,positive
4025,neutral
4026,neutral
4027,positive
4028,neutral
4029,positive
4030,positive
4031,positive
4032,negative
4033,neutral
4034,neutral
4035,negative
4036,positive
4037,negative
4038,positive
4039,neutral
4040,negative
4041,positive
4042,positive
4043,neutral
4044,neutral
4045,neutral
4046,positive
4047,negative
4048,positive
4049,negative
4050,neutral
4051,neutral
4052,positive
4053,positive
4054,neutral
4055,negative
4056,positive
4057,neutral
4058,neutral
4059,negative
4060,positive
4061,negative
4062,positive
4063,negative
4064,positive
4065,positive
4066,neutral
4067,neutral
4068,positive
4069,neutral
4070,negative
4071,positive
4072,positive
4073,neutral
4074,positive
4075,positive
4076,positive
4077,positive
4078,neutral
4079,negative
4080,positive
4081,neutral
4082,positive
4083,negative
4084,positive
4085,positive
4086,positive
4087,negative
4088,neutral
4089,neutral
4090,neutral
4091,positive
4092,positive
4093,negative
4094,negative
4095,neutral
4096,neutral
4097,positive
4098,neutral
4099,negative
4100,neutral
4101,negative
4102,neutral
4103,negative
4104,neutral
4105,neutral
4106,neutral
4107,negative
4108,neutral
4109,negative
4110,neutral
4111,neutral
4112,neutral
4113,neutral
4114,negative
4115,neutral
4116,neutral
4117,positive
4118,neutral
4119,positive
4120,neutral
4121,positive
4122,negative
4123,neutral
4124,positive
4125,neutral
4126,neutral
4127,positive
4128,positive
4129,neutral
4130,positive
4131,neutral
4132,neutral
4133,negative
4134,neutral
4135,neutral
4136,neutral
4137,positive
4138,neutral
4139,neutral
4140,positive
4141,neutral
4142,positive
4143,neutral
4144,neutral
4145,neutral
4146,positive
4147,neutral
4148,negative
4149,neutral
4150,positive
4151,neutral
4152,positive
4153,neutral
4154,positive
4155,positive
4156,positive
4157,neutral
4158,neutral
4159,positive
4160,neutral
4161,negative
4162,neutral
4163,neutral
4164,neutral
4165,negative
4166,positive
4167,neutral
4168,negative
4169,negative
4170,negative
4171,negative
4172,neutral
4173,negative
4174,negative
4175,negative
4176,negative
4177,positive
4178,negative
4179,positive
4180,positive
4181,positive
4182,neutral
4183,negative
4184,positive
4185,neutral
4186,positive
4187,positive
4188,positive
4189,neutral
4190,neutral
4191,positive
4192,neutral
4193,negative
4194,neutral
4195,positive
4196,positive
4197,positive
4198,neutral
4199,positive
4200,positive
4201,positive
4202,negative
4203,neutral
4204,neutral
4205,neutral
4206,neutral
4207,positive
4208,neutral
4209,neutral
4210,neutral
4211,neutral
4212,negative
4213,negative
4214,neutral
4215,neutral
4216,positive
4217,positive
4218,negative
4219,positive
4220,positive
4221,neutral
4222,neutral
4223,negative
4224,neutral
4225,neutral
4226,negative
4227,positive
4228,negative
4229,positive
4230,negative
4231,neutral
4232,positive
4233,positive
4234,neutral
4235,positive
4236,neutral
4237,neutral
4238,negative
4239,positive
4240,neutral
4241,negative
4242,negative
4243,neutral
4244,negative
4245,neutral
4246,neutral
4247,negative
4248,positive
4249,neutral
4250,positive
4251,neutral
4252,positive
4253,neutral
4254,neutral
4255,neutral
4256,negative
4257,negative
4258,neutral
4259,positive
4260,negative
4261,positive
4262,neutral
4263,neutral
4264,positive
4265,positive
4266,positive
4267,negative
4268,negative
4269,positive
4270,positive
4271,positive
4272,positive
4273,positive
4274,neutral
4275,positive
4276,positive
4277,neutral
4278,positive
4279,neutral
4280,positive
4281,neutral
4282,neutral
4283,negative
4284,neutral
4285,negative
4286,neutral
4287,neutral
4288,negative
4289,negative
4290,negative
4291,negative
4292,neutral
4293,negative
4294,negative
4295,neutral
4296,negative
4297,negative
4298,neutral
4299,neutral
4300,negative
4301,negative
4302,positive
4303,positive
4304,positive
4305,positive
4306,positive
4307,neutral
4308,positive
4309,negative
4310,positive
4311,negative
4312,neutral
4313,positive
4314,positive
4315,neutral
4316,neutral
4317,neutral
4318,positive
4319,neutral
4320,negative
4321,neutral
4322,positive
4323,positive
4324,positive
4325,positive
4326,positive
4327,positive
4328,positive
4329,positive
4330,neutral
4331,positive
4332,neutral
4333,neutral
4334,neutral
4335,neutral
4336,negative
4337,negative
4338,neutral
4339,negative
4340,positive
4341,positive
4342,neutral
4343,neutral
4344,neutral
4345,negative
4346,neutral
4347,positive
4348,neutral
4349,positive
4350,neutral
4351,neutral
4352,positive
4353,negative
4354,negative
4355,positive
4356,positive
4357,positive
4358,positive
4359,neutral
4360,neutral
4361,positive
4362,neutral
4363,positive
4364,neutral
4365,negative
4366,positive
4367,positive
4368,negative
4369,positive
4370,negative
4371,positive
4372,negative
4373,neutral
4374,neutral
4375,neutral
4376,positive
4377,negative
4378,neutral
4379,neutral
4380,positive
4381,negative
4382,positive
4383,neutral
4384,positive
4385,negative
4386,neutral
4387,neutral
4388,positive
4389,neutral
4390,negative
4391,positive
4392,positive
4393,positive
4394,neutral
4395,positive
4396,positive
4397,positive
4398,neutral
4399,positive
4400,positive
4401,positive
4402,negative
4403,neutral
4404,positive
4405,positive
4406,negative
4407,neutral
4408,positive
4409,positive
4410,negative
4411,negative
4412,neutral
4413,negative
4414,neutral
4415,neutral
4416,positive
4417,neutral
4418,neutral
4419,positive
4420,negative
4421,neutral
4422,negative
4423,positive
4424,negative
4425,neutral
4426,positive
4427,positive
4428,negative
4429,positive
4430,neutral
4431,neutral
4432,neutral
4433,negative
4434,neutral
4435,neutral
4436,neutral
4437,neutral
4438,neutral
4439,positive
4440,neutral
4441,neutral
4442,neutral
4443,neutral
4444,negative
4445,positive
4446,positive
4447,negative
4448,positive
4449,positive
4450,negative
4451,negative
4452,positive
4453,positive
4454,neutral
4455,positive
4456,neutral
4457,positive
4458,neutral
4459,positive
4460,positive
4461,neutral
4462,positive
4463,positive
4464,positive
4465,negative
4466,negative
4467,neutral
4468,positive
4469,negative
4470,negative
4471,neutral
4472,positive
4473,neutral
4474,negative
4475,negative
4476,positive
4477,neutral
4478,positive
4479,neutral
4480,negative
4481,neutral
4482,negative
4483,positive
4484,positive
4485,neutral
4486,negative
4487,neutral
4488,positive
4489,neutral
4490,neutral
4491,negative
4492,negative
4493,positive
4494,neutral
4495,negative
4496,positive
4497,negative
4498,neutral
4499,positive
4500,negative
4501,negative
4502,neutral
4503,neutral
4504,negative
4505,negative
4506,positive
4507,positive
4508,neutral
4509,positive
4510,neutral
4511,neutral
4512,negative
4513,positive
4514,neutral
4515,neutral
4516,positive
4517,positive
4518,neutral
4519,negative
4520,neutral
4521,neutral
4522,neutral
4523,negative
4524,negative
4525,neutral
4526,positive
4527,positive
4528,negative
4529,neutral
4530,positive
4531,neutral
4532,negative
4533,negative
4534,positive
4535,negative
4536,neutral
4537,negative
4538,negative
4539,neutral
4540,negative
4541,negative
4542,negative
4543,positive
4544,neutral
4545,negative
4546,neutral
4547,negative
4548,neutral
4549,neutral
4550,negative
4551,negative
4552,neutral
4553,negative
4554,neutral
4555,positive
4556,negative
4557,neutral
4558,neutral
4559,negative
4560,neutral
4561,neutral
4562,neutral
4563,positive
4564,neutral
4565,positive
4566,positive
4567,positive
4568,negative
4569,negative
4570,positive
4571,neutral
4572,negative
4573,neutral
4574,neutral
4575,neutral
4576,neutral
4577,negative
4578,neutral
4579,neutral
4580,negative
4581,negative
4582,negative
4583,neutral
4584,neutral
4585,positive
4586,negative
4587,neutral
4588,neutral
4589,neutral
4590,neutral
4591,neutral
4592,positive
4593,negative
4594,positive
4595,negative
4596,neutral
4597,positive
4598,negative
4599,positive
4600,positive
4601,negative
4602,positive
4603,positive
4604,positive
4605,positive
4606,positive
4607,negative
4608,negative
4609,positive
4610,neutral
4611,neutral
4612,neutral
4613,positive
4614,positive
4615,neutral
4616,positive
4617,neutral
4618,neutral
4619,positive
4620,neutral
4621,neutral
4622,neutral
4623,positive
4624,neutral
4625,negative
4626,negative
4627,positive
4628,neutral
4629,negative
4630,negative
4631,neutral
4632,neutral
4633,neutral
4634,neutral
4635,neutral
4636,neutral
4637,neutral
4638,neutral
4639,positive
4640,negative
4641,neutral
4642,negative
4643,neutral
4644,negative
4645,neutral
4646,negative
4647,positive
4648,neutral
4649,negative
4650,negative
4651,neutral
4652,positive
4653,positive
4654,neutral
4655,neutral
4656,positive
4657,neutral
4658,negative
4659,neutral
4660,positive
4661,negative
4662,positive
4663,negative
4664,negative
4665,neutral
4666,positive
4667,negative
4668,neutral
4669,neutral
4670,negative
4671,neutral
4672,neutral
4673,neutral
4674,negative
4675,negative
4676,positive
4677,negative
4678,positive
4679,neutral
4680,positive
4681,negative
4682,negative
4683,neutral
4684,neutral
4685,negative
4686,neutral
4687,neutral
4688,positive
4689,neutral
4690,neutral
4691,positive
4692,neutral
4693,negative
4694,negative
4695,neutral
4696,negative
4697,positive
4698,positive
4699,positive
4700,positive
4701,neutral
4702,negative
4703,positive
4704,negative
4705,negative
4706,negative
4707,neutral
4708,neutral
4709,positive
4710,neutral
4711,positive
4712,neutral
4713,positive
4714,positive
4715,negative
4716,positive
4717,neutral
4718,neutral
4719,negative
4720,negative
4721,positive
4722,negative
4723,negative
4724,neutral
4725,positive
4726,positive
4727,negative
4728,negative
4729,neutral
4730,positive
4731,neutral
4732,neutral
4733,neutral
4734,negative
4735,neutral
4736,neutral
4737,neutral
4738,negative
4739,neutral
4740,positive
4741,neutral
4742,positive
4743,neutral
4744,neutral
4745,positive
4746,positive
4747,negative
4748,negative
4749,negative
4750,positive
4751,negative
4752,neutral
4753,positive
4754,neutral
4755,positive
4756,neutral
4757,neutral
4758,negative
4759,neutral
4760,positive
4761,positive
4762,neutral
4763,positive
4764,neutral
4765,neutral
4766,negative
4767,neutral
4768,negative
4769,positive
4770,positive
4771,negative
4772,positive
4773,neutral
4774,positive
4775,neutral
4776,positive
4777,positive
4778,neutral
4779,neutral
4780,negative
4781,negative
4782,negative
4783,neutral
4784,negative
4785,positive
4786,neutral
4787,neutral
4788,positive
4789,positive
4790,negative
4791,positive
4792,positive
4793,positive
4794,negative
4795,neutral
4796,neutral
4797,neutral
4798,negative
4799,positive
4800,neutral
4801,negative
4802,neutral
4803,negative
4804,neutral
4805,neutral
4806,negative
4807,neutral
4808,negative
4809,positive
4810,negative
4811,neutral
4812,positive
4813,neutral
4814,negative
4815,neutral
4816,positive
4817,negative
4818,positive
4819,neutral
4820,negative
4821,neutral
4822,positive
4823,positive
4824,negative
4825,neutral
4826,neutral
4827,positive
4828,neutral
4829,positive
4830,neutral
4831,negative
4832,neutral
4833,neutral
4834,negative
4835,positive
4836,neutral
4837,neutral
4838,neutral
4839,negative
4840,neutral
4841,positive
4842,positive
4843,neutral
4844,negative
4845,neutral
4846,negative
4847,neutral
4848,negative
4849,positive
4850,neutral
4851,positive
4852,neutral
4853,positive
4854,positive
4855,positive
4856,negative
4857,neutral
4858,neutral
4859,positive
4860,positive
4861,neutral
4862,neutral
4863,positive
4864,neutral
4865,negative
4866,negative
4867,negative
4868,negative
4869,neutral
4870,positive
4871,neutral
4872,neutral
4873,neutral
4874,negative
4875,neutral
4876,neutral
4877,neutral
4878,neutral
4879,positive
4880,neutral
4881,neutral
4882,negative
4883,negative
4884,positive
4885,neutral
4886,neutral
4887,positive
4888,negative
4889,positive
4890,positive
4891,positive
4892,negative
4893,neutral
4894,neutral
4895,negative
4896,negative
4897,neutral
4898,negative
4899,positive
4900,neutral
4901,positive
4902,positive
4903,negative
4904,negative
4905,positive
4906,negative
4907,negative
4908,negative
4909,negative
4910,positive
4911,negative
4912,neutral
4913,neutral
4914,positive
4915,positive
4916,negative
4917,negative
4918,negative
4919,negative
4920,negative
4921,negative
4922,positive
4923,neutral
4924,neutral
4925,negative
4926,negative
4927,positive
4928,neutral
4929,negative
4930,neutral
4931,neutral
4932,neutral
4933,negative
4934,negative
4935,neutral
4936,neutral
4937,neutral
4938,negative
4939,negative
4940,neutral
4941,neutral
4942,positive
4943,negative
4944,negative
4945,negative
4946,neutral
4947,positive
4948,negative
4949,negative
4950,negative
4951,neutral
4952,neutral
4953,negative
4954,neutral
4955,neutral
4956,negative
4957,neutral
4958,positive
4959,neutral
4960,positive
4961,neutral
4962,positive
4963,positive
4964,positive
4965,positive
4966,neutral
4967,positive
4968,positive
4969,neutral
4970,neutral
4971,neutral
4972,negative
4973,positive
4974,positive
4975,negative
4976,positive
4977,neutral
4978,positive
4979,neutral
4980,neutral
4981,neutral
4982,negative
4983,neutral
4984,neutral
4985,negative
4986,neutral
4987,positive
4988,neutral
4989,positive
4990,neutral
4991,neutral
4992,neutral
4993,neutral
4994,positive
4995,negative
4996,positive
4997,positive
4998,positive
4999,neutral
5000,positive
5001,neutral
5002,neutral
5003,neutral
5004,positive
5005,negative
5006,neutral
5007,positive
5008,positive
5009,negative
5010,negative
5011,positive
5012,positive
5013,negative
5014,positive
5015,neutral
5016,neutral
5017,neutral
5018,negative
5019,positive
5020,negative
5021,neutral
5022,negative
5023,positive
5024,negative
5025,neutral
5026,neutral
5027,neutral
5028,negative
5029,negative
5030,positive
5031,neutral
5032,positive
5033,positive
5034,positive
5035,neutral
5036,positive
5037,positive
5038,neutral
5039,neutral
5040,neutral
5041,neutral
5042,neutral
5043,neutral
5044,neutral
5045,neutral
5046,negative
5047,neutral
5048,neutral
5049,neutral
5050,negative
5051,negative
5052,negative
5053,negative
5054,neutral
5055,negative
5056,neutral
5057,positive
5058,neutral
5059,neutral
5060,neutral
5061,neutral
5062,neutral
5063,negative
5064,positive
5065,neutral
5066,neutral
5067,positive
5068,neutral
5069,negative
5070,positive
5071,neutral
5072,negative
5073,negative
5074,positive
5075,negative
5076,neutral
5077,positive
5078,negative
5079,negative
5080,positive
5081,neutral
5082,negative
5083,neutral
5084,neutral
5085,neutral
5086,positive
5087,neutral
5088,neutral
5089,neutral
5090,negative
5091,negative
5092,positive
5093,negative
5094,negative
5095,positive
5096,negative
5097,positive
5098,negative
5099,positive
5100,neutral
5101,negative
5102,positive
5103,neutral
5104,negative
5105,positive
5106,negative
5107,positive
5108,positive
5109,neutral
5110,negative
5111,positive
5112,positive
5113,positive
5114,neutral
5115,negative
5116,neutral
5117,neutral
5118,positive
5119,positive
5120,neutral
5121,neutral
5122,neutral
5123,neutral
5124,neutral
5125,negative
5126,positive
5127,positive
5128,negative
5129,positive
5130,positive
5131,positive
5132,negative
5133,neutral
5134,negative
5135,neutral
5136,neutral
5137,neutral
5138,neutral
5139,neutral
5140,neutral
5141,positive
5142,negative
5143,neutral
5144,neutral
5145,negative
5146,neutral
5147,positive
5148,negative
5149,positive
5150,neutral
5151,neutral
5152,positive
5153,negative
5154,neutral
5155,neutral
5156,negative
5157,neutral
5158,neutral
5159,neutral
5160,negative
5161,neutral
5162,negative
5163,neutral
5164,neutral
5165,positive
5166,negative
5167,neutral
5168,neutral
5169,neutral
5170,neutral
5171,neutral
5172,positive
5173,negative
5174,neutral
5175,neutral
5176,positive
5177,positive
5178,negative
5179,neutral
5180,negative
5181,neutral
5182,positive
5183,positive
5184,negative
5185,negative
5186,negative
5187,neutral
5188,positive
5189,negative
5190,negative
5191,positive
5192,neutral
5193,negative
5194,positive
5195,negative
5196,neutral
5197,positive
5198,neutral
5199,neutral
5200,positive
5201,negative
5202,neutral
5203,neutral
5204,neutral
5205,negative
5206,neutral
5207,negative
5208,neutral
5209,positive
5210,positive
5211,negative
5212,neutral
5213,negative
5214,positive
5215,neutral
5216,neutral
5217,positive
5218,positive
5219,neutral
5220,neutral
5221,positive
5222,positive
5223,neutral
5224,positive
5225,negative
5226,negative
5227,positive
5228,positive
5229,neutral
5230,positive
5231,neutral
5232,neutral
5233,positive
5234,neutral
5235,negative
5236,positive
5237,negative
5238,neutral
5239,neutral
5240,positive
5241,positive
5242,neutral
5243,negative
5244,neutral
5245,positive
5246,negative
5247,neutral
5248,negative
5249,positive
5250,negative
5251,neutral
5252,neutral
5253,neutral
5254,positive
5255,positive
5256,neutral
5257,negative
5258,positive
5259,neutral
5260,neutral
5261,negative
5262,negative
5263,neutral
5264,negative
5265,negative
5266,neutral
5267,neutral
5268,positive
5269,negative
5270,positive
5271,neutral
5272,negative
5273,neutral
5274,positive
5275,positive
5276,positive
5277,neutral
5278,neutral
5279,neutral
5280,negative
5281,positive
5282,negative
5283,positive
5284,neutral
5285,positive
5286,positive
5287,neutral
5288,negative
5289,positive
5290,positive
5291,neutral
5292,positive
5293,negative
5294,positive
5295,negative
5296,positive
5297,positive
5298,negative
5299,positive
5300,neutral
5301,neutral
5302,neutral
5303,neutral
5304,positive
5305,neutral
5306,neutral
5307,negative
5308,neutral
5309,negative
5310,neutral
5311,neutral
5312,positive
5313,neutral
5314,negative
5315,positive
5316,positive
5317,negative
5318,neutral
5319,negative
5320,negative
5321,neutral
5322,positive
5323,positive
5324,positive
5325,positive
5326,positive
5327,neutral
5328,positive
5329,positive
5330,negative
5331,positive
5332,positive
5333,neutral
5334,positive
5335,positive
5336,neutral
5337,negative
5338,neutral
5339,positive
5340,neutral
5341,positive
5342,negative
5343,neutral
5344,neutral
5345,neutral
5346,negative
5347,neutral
5348,positive
5349,neutral
5350,neutral
5351,neutral
5352,positive
5353,neutral
5354,neutral
5355,negative
5356,neutral
5357,neutral
5358,negative
5359,neutral
5360,neutral
5361,positive
5362,negative
5363,neutral
5364,negative
5365,neutral
5366,positive
5367,neutral
5368,positive
5369,positive
5370,neutral
5371,neutral
5372,positive
5373,negative
5374,neutral
5375,negative
5376,neutral
5377,neutral
5378,positive
5379,negative
5380,negative
5381,negative
5382,positive
5383,negative
5384,negative
5385,neutral
5386,neutral
5387,neutral
5388,neutral
5389,positive
5390,negative
5391,negative
5392,neutral
5393,positive
5394,positive
5395,positive
5396,positive
5397,neutral
5398,negative
5399,neutral
5400,negative
5401,positive
5402,positive
5403,positive
5404,negative
5405,positive
5406,negative
5407,positive
5408,negative
5409,positive
5410,negative
5411,positive
5412,negative
5413,positive
5414,negative
5415,neutral
5416,neutral
5417,negative
5418,neutral
5419,negative
5420,neutral
5421,positive
5422,neutral
5423,neutral
5424,neutral
5425,neutral
5426,positive
5427,negative
5428,neutral
5429,negative
5430,negative
5431,neutral
5432,negative
5433,neutral
5434,positive
5435,positive
5436,negative
5437,positive
5438,neutral
5439,neutral
5440,neutral
5441,neutral
5442,neutral
5443,positive
5444,neutral
5445,positive
5446,positive
5447,negative
5448,negative
5449,negative
5450,positive
5451,negative
5452,positive
5453,negative
5454,negative
5455,neutral
5456,neutral
5457,neutral
5458,positive
5459,neutral
5460,negative
5461,neutral
5462,negative
5463,neutral
5464,positive
5465,neutral
5466,negative
5467,neutral
5468,neutral
5469,neutral
5470,neutral
5471,neutral
5472,positive
5473,neutral
5474,negative
5475,neutral
5476,negative
5477,negative
5478,neutral
5479,neutral
5480,positive
5481,positive
5482,neutral
5483,neutral
5484,negative
5485,negative
5486,negative
5487,negative
5488,neutral
5489,neutral
5490,positive
5491,neutral
5492,neutral
5493,neutral
5494,neutral
5495,neutral
5496,positive
5497,negative
5498,neutral
5499,positive
5500,negative
5501,neutral
5502,neutral
5503,negative
5504,negative
5505,negative
5506,negative
5507,positive
5508,negative
5509,positive
5510,neutral
5511,negative
5512,neutral
5513,negative
5514,positive
5515,positive
5516,neutral
5517,neutral
5518,neutral
5519,neutral
5520,positive
5521,positive
5522,neutral
5523,neutral
5524,negative
5525,neutral
5526,neutral
5527,neutral
5528,neutral
5529,neutral
5530,negative
5531,neutral
5532,neutral
5533,neutral
5534,negative
5535,neutral
5536,neutral
5537,negative
5538,neutral
5539,positive
5540,neutral
5541,positive
5542,negative
5543,negative
5544,negative
5545,neutral
5546,negative
5547,neutral
5548,positive
5549,positive
5550,neutral
5551,positive
5552,neutral
5553,negative
5554,neutral
5555,positive
5556,positive
5557,neutral
5558,negative
5559,neutral
5560,positive
5561,positive
5562,positive
5563,negative
5564,positive
5565,positive
5566,negative
5567,positive
5568,negative
5569,positive
5570,positive
5571,negative
5572,negative
5573,neutral
5574,positive
5575,negative
5576,neutral
5577,neutral
5578,neutral
5579,positive
5580,neutral
5581,negative
5582,neutral
5583,neutral
5584,negative
5585,positive
5586,neutral
5587,neutral
5588,neutral
5589,neutral
5590,positive
5591,neutral
5592,positive
5593,neutral
5594,negative
5595,negative
5596,negative
5597,neutral
5598,positive
5599,positive
5600,positive
5601,neutral
5602,neutral
5603,positive
5604,neutral
5605,negative
5606,positive
5607,positive
5608,neutral
5609,neutral
5610,positive
5611,neutral
5612,neutral
5613,neutral
5614,negative
5615,negative
5616,negative
5617,neutral
5618,positive
5619,positive
5620,neutral
5621,negative
5622,positive
5623,neutral
5624,negative
5625,neutral
5626,positive
5627,neutral
5628,neutral
5629,positive
5630,negative
5631,neutral
5632,negative
5633,positive
5634,positive
5635,neutral
5636,negative
5637,positive
5638,positive
5639,positive
5640,negative
5641,neutral
5642,neutral
5643,negative
5644,neutral
5645,positive
5646,neutral
5647,neutral
5648,positive
5649,neutral
5650,positive
5651,neutral
5652,positive
5653,negative
5654,negative
5655,neutral
5656,neutral
5657,negative
5658,positive
5659,positive
5660,positive
5661,negative
5662,positive
5663,neutral
5664,neutral
5665,negative
5666,positive
5667,neutral
5668,positive
5669,negative
5670,positive
5671,positive
5672,negative
5673,negative
5674,positive
5675,positive
5676,positive
5677,positive
5678,neutral
5679,neutral
5680,neutral
5681,neutral
5682,positive
5683,negative
5684,neutral
5685,positive
5686,neutral
5687,neutral
5688,negative
5689,negative
5690,neutral
5691,positive
5692,neutral
5693,neutral
5694,positive
5695,positive
5696,neutral
5697,negative
5698,positive
5699,positive
5700,neutral
5701,negative
5702,positive
5703,neutral
5704,neutral
5705,neutral
5706,positive
5707,positive
5708,negative
5709,neutral
5710,positive
5711,neutral
5712,positive
5713,neutral
5714,neutral
5715,negative
5716,neutral
5717,neutral
5718,positive
5719,neutral
5720,positive
5721,negative
5722,positive
5723,negative
5724,neutral
5725,neutral
5726,neutral
5727,neutral
5728,positive
5729,positive
5730,negative
5731,positive
5732,neutral
5733,neutral
5734,positive
5735,neutral
5736,neutral
5737,neutral
5738,neutral
5739,neutral
5740,negative
5741,neutral
5742,neutral
5743,neutral
5744,negative
5745,neutral
5746,positive
5747,neutral
5748,neutral
5749,positive
5750,positive
5751,positive
5752,neutral
5753,positive
5754,negative
5755,neutral
5756,neutral
5757,negative
5758,neutral
5759,positive
5760,negative
5761,neutral
5762,positive
5763,positive
5764,negative
5765,neutral
5766,neutral
5767,negative
5768,negative
5769,positive
5770,neutral
5771,neutral
5772,neutral
5773,negative
5774,negative
5775,negative
5776,neutral
5777,negative
5778,neutral
5779,positive
5780,negative
5781,positive
5782,negative
5783,negative
5784,neutral
5785,neutral
5786,positive
5787,negative
5788,negative
5789,negative
5790,positive
5791,neutral
5792,negative
5793,neutral
5794,negative
5795,neutral
5796,neutral
5797,neutral
5798,neutral
5799,neutral
5800,positive
5801,neutral
5802,positive
5803,neutral
5804,negative
5805,negative
5806,negative
5807,positive
5808,negative
5809,negative
5810,negative
5811,positive
5812,neutral
5813,neutral
5814,positive
5815,neutral
5816,positive
5817,positive
5818,negative
5819,negative
5820,neutral
5821,positive
5822,neutral
5823,neutral
5824,neutral
5825,positive
5826,neutral
5827,negative
5828,neutral
5829,neutral
5830,neutral
5831,negative
5832,negative
5833,neutral
5834,neutral
5835,negative
5836,positive
5837,negative
5838,positive
5839,neutral
5840,positive
5841,neutral
5842,neutral
5843,positive
5844,positive
5845,positive
5846,positive
5847,positive
5848,neutral
5849,negative
5850,positive
5851,neutral
5852,neutral
5853,negative
5854,negative
5855,negative
5856,neutral
5857,negative
5858,negative
5859,positive
5860,neutral
5861,neutral
5862,negative
5863,neutral
5864,positive
5865,positive
5866,positive
5867,neutral
5868,positive
5869,neutral
5870,neutral
5871,neutral
5872,negative
5873,neutral
5874,neutral
5875,neutral
5876,neutral
5877,positive
5878,positive
5879,negative
5880,neutral
5881,positive
5882,neutral
5883,neutral
5884,positive
5885,positive
5886,neutral
5887,negative
5888,neutral
5889,neutral
5890,negative
5891,positive
5892,negative
5893,negative
5894,positive
5895,positive
5896,negative
5897,neutral
5898,neutral
5899,neutral
5900,positive
5901,positive
5902,positive
5903,positive
5904,positive
5905,neutral
5906,positive
5907,neutral
5908,neutral
5909,positive
5910,negative
5911,neutral
5912,negative
5913,negative
5914,negative
5915,neutral
5916,positive
5917,negative
5918,neutral
5919,positive
5920,neutral
5921,positive
5922,neutral
5923,positive
5924,negative
5925,negative
5926,neutral
5927,positive
5928,positive
5929,negative
5930,negative
5931,positive
5932,neutral
5933,negative
5934,positive
5935,neutral
5936,positive
5937,negative
5938,negative
5939,positive
5940,neutral
5941,negative
5942,positive
5943,negative
5944,negative
5945,positive
5946,positive
5947,positive
5948,positive
5949,neutral
5950,negative
5951,positive
5952,neutral
5953,neutral
5954,negative
5955,positive
5956,positive
5957,neutral
5958,negative
5959,negative
5960,positive
5961,positive
5962,neutral
5963,neutral
5964,positive
5965,negative
5966,negative
5967,negative
5968,negative
5969,positive
5970,neutral
5971,negative
5972,negative
5973,neutral
5974,negative
5975,positive
5976,neutral
5977,positive
5978,positive
5979,negative
5980,positive
5981,positive
5982,negative
5983,neutral
5984,neutral
5985,neutral
5986,neutral
5987,negative
5988,negative
5989,negative
5990,positive
5991,positive
5992,positive
5993,positive
5994,negative
5995,positive
5996,positive
5997,negative
5998,positive
5999,negative
6000,neutral
6001,negative
6002,negative
6003,neutral
6004,neutral
6005,positive
6006,positive
6007,positive
6008,negative
6009,negative
6010,neutral
6011,positive
6012,negative
6013,negative
6014,negative
6015,neutral
6016,neutral
6017,neutral
6018,neutral
6019,positive
6020,positive
6021,positive
6022,neutral
6023,positive
6024,neutral
6025,neutral
6026,neutral
6027,negative
6028,neutral
6029,negative
6030,neutral
6031,positive
6032,negative
6033,neutral
6034,negative
6035,positive
6036,negative
6037,negative
6038,negative
6039,negative
6040,negative
6041,negative
6042,positive
6043,neutral
6044,neutral
6045,neutral
6046,neutral
6047,negative
6048,negative
6049,positive
6050,negative
6051,neutral
